Artist,Album
"Alan, Paul",Falling Awake
Anastasia,I'm Outta Love single
"Armstrong, Riley",Riley Armstrong
Audio Adrenaline,Audio Adrenaline
Audio Adrenaline,Don't Censor Me
Audio Adrenaline,Live Bootleg
Audio Adrenaline,Underdog
Backstreet Boys,Everybody single
Backstreet Boys,Black & Blue
Barenaked Ladies,Stunt
Beach Boys,20 Good Vibrations Greatest Hits
Beach Boys,Christmas Album
"Bedingfield, Natasha",Unwritten
"Black Crowes, The",Greatest Hits 1990-1999
"Black Eyed Peas, The",Elephunk
Blue Oyster Cult,On Flame with Rock and Roll
Blues Traveler,Four
Bon Jovi,Crush
Bon Jovi,Lost Highway
Boston,Boston
"Branch, Michelle",Hotel Paper
"Brooks, Garth",No Fences
"Buble, Michael",Michael Buble
"Buble, Michael",It's Time
"Buble, Michael",Christmas
"Buble, Michael",Call Me Irresponsible
Bush,Razorblade Suitcase
Chagall Guevara,Chagall Guevara
"Chapman, Steven Curtis",Greatest Hits
Cher,Believe
Chicago,Night and Day
Chicago,Night and Day
Chicago,The Very Best of: Only the Beginning
Chicago,Greatest Hits 1982-1989
Church of Rhythm,Church of Rhythm
"Clarkson, Kelly",Thankful
Classical,Bach: Chef's-d'oeuvre pour Orgue
Classical,Venetian Sound Venice Orchestra
Classical,Debussy for Daydreaming
Classical,Mad About Baroque
Classical,Bach: Millennium Edition
Classical,Pachelbel Canon & Other Baroque Hits
Code of Ethics,Visual Paradox
Code of Ethics,Code of Ethics
Code of Ethics,Mix
Code of Ethics,Extended Play Remixes
Code of Ethics,Arms Around the World
Code of Ethics,Soulbait
Code of Ethics,Soulbait single
Code of Ethics,Blaze
"Cole, Paula",This Fire
Common Rotation,8 Orange Street
Common Rotation,Big Fear
"Corrs, The",Talk on Corners
Counting Crows,Saturday Nights & Sunday Mornings
Counting Crows,Across the Wire live
Counting Crows,This Desert Life
Counting Crows,August and Everything After
Creedence Clearwater Revival,Chronicle
DC Talk,Nu Thang
DC Talk,Free At Last
DC Talk,Jesus Freak
DC Talk,Welcome to the Freak Show live
DC Talk,Supernatural
Dido,No Angel
"Dion, Celine",Falling Into You
"Dion, Celine",All the Way...A Decade of Song
"Dion, Celine",Colour of My Love
"Dion, Celine",These Are Special Times
"Dion, Celine",New Day Has Come
"Dion, Celine",Unison
"Dion, Celine",Let's Talk About Love
Eagle Eye Cherry,Desireless
"Eagles, The",Their Greatest Hits
"Eagles, The",Greatest Hits Volume 2
East to West,East to West
East to West,North of the Sky
Eli,Things I Prayed For
Enya,Watermark
Enya,Shepherd Moons
Enya,"Day Without Rain, A"
"Estefan, Gloria",Greatest Hits
Evanescence,Origin
Evanescence,Fallen
EYC,I Feel It
EYC,Only A Dream single
Fall Out Boy,From Under the Cork Tree
"Farmer, Mylene",Milenium Tour 2 discs
Fastball,All the Pain Money Can Buy
Five Iron Frenzy,Upbeats and Beatdowns
Five Iron Frenzy,Our Newest Album Ever!
Five Iron Frenzy,Proof That the Youth Are Revolting live
Fleming & John,Delusions of Grandeur
Fleming & John,"Way We Are, The"
"Fray, The",How to Save a Life
Geoff Moore and the Distance,A Friend Like U
Geoff Moore and the Distance,Evolution
Goo Goo Dolls,"What I Learned About Ego, Opinion, Art & Commerce"
Goo Goo Dolls,A Boy Named Goo
Goo Goo Dolls,Gutterflower
Guardian,Swing Swang Swung
Guns N' Roses,Appetite for Destruction
Hanson,Middle of Nowhere
Hanson,Underneath
Harvey Danger,Where Have All the Merrymakers Gone?
"Hill, Lauryn","Miseducation of Lauryn Hill, The"
Hokus Pick,Brothers From Different Mothers
Hokus Pick,Bookaboom
Hokus Pick,Snappy
Hootie and the Blowfish,Cracked Rear View
"Jackson, Janet",Rhythm Nation
Jars of Clay,Frail copy
Jars of Clay,Interactive Jars of Clay
Jars of Clay,Jars of Clay
Jars of Clay,"Drummer Boy single, version 1"
Jars of Clay,"Drummer Boy single, version 2"
Jars of Clay,Much Afraid
Jars of Clay,Seatbelt Tuba
Jars of Clay,Crazy Times enhanced maxi-single
Jars of Clay,Stringtown 2 discs
Jars of Clay,If I Left the Zoo
Jars of Clay,Front Yard Luge
Jars of Clay,Unforgetful You single
Jars of Clay,White Elephant Sessions
Jars of Clay,This Road
Jars of Clay,"Eleventh Hour, The"
Jars of Clay,From the Stage 2 discs
Jars of Clay John Jonethis,Lounge Freak
Jars of Clay John Jonethis,Flood single
Jewel,Pieces of You
Jewel,Joy: A Holiday Collection
"Joel, Phil",Watching Over You
"Joel, Phil",Bring It On
"John, Elton",Greatest Hits
"John, Elton",Greatest Hits Volume II
Johnny Q. Public,Extra-Ordinary
Joy Electric,Robot Rock
Juliana Hatfield Three,Become What You Are
"Kane, Mancy A'lan Kane",Paper Moon
Kansas,Carry On
Kenny Wayne Shepherd Band,Ledbetter Heights
Kenny Wayne Shepherd Band,Trouble Is
Kenny Wayne Shepherd Band,Blue on Black single
Kenny Wayne Shepherd Band,Live On
"Knapp, Jennifer",Kansas
"Knapp, Jennifer",Lay It Down
"Knight, Jordan",Give It to You
"Lambert, Adam",For Your Entertainment
"Lang, Jonny",Lie to Me
"Lang, Jonny",Wander This World
Live,V
Live,Throwing Copper
Madonna,"Immaculate Collection, The"
Maroon 5,Songs About Jane
Maroon 5,Hands All Over
"Martin, Ricky",Nobody Wants to Be Lonely single
"Martin, Ricky",Sound Loaded
"Marx, Richard",Repeat Offender
Matchbox Twenty,Yourself of Someone Like You
Matchbox Twenty,Mad Season
"McCain, Edwin",Misguided Roses
"McIntyre, Joey",Stay the Same
"McIntyre, Joey",I Love You Came Too Late single
"McKennitt, Loreena","Visit, The"
"McLachlan, Sarah",Surfacing
"Merchant, Natalie",Tigerlily
Molly Hatchet,Flirtin' With Disaster
"Morissette, Alanis",Jagged Little Pill
"Morissette, Alanis",Supposed Former Infatuation Junkie
"Morissette, Alanis",Unplugged
"Mullins, Rich",World As Best I Can Remember It
"Mullins, Rich",Songs
"Mullins, Rich",Jesus Demos 2 discs
"Mumba, Samantha",Gotta Tell You single
Musiq,Soulstar
Various,Thundering Rainstorm
New Kids on the Block,New Kids on the Block
New Kids on the Block,Hangin' Tough
New Kids on the Block,Hangin' Tough single
New Kids on the Block,"Merry, Merry Christmas"
New Kids on the Block,Step By Step
New Kids on the Block,Face the Music
New Kids on the Block,Never Let You Go single
New Kids on the Block,The Remix Album
Newsboys,Not Ashamed
Newsboys,Going Public
Newsboys,Take Me to Your Leader
Newsboys,Reality single
Newsboys,Step Up to the Microphone
Newsboys,Entertaining Angels single
Newsboys,Love Liberty Disco
Nickel Creek,This Side
Nickel Creek,Nickel Creek
Nickelback,All the Right Reasons
Nouveaux,And This is How I Feel
Nouveaux,Beginnings
NSync,No Strings Attached
NSync,The Essential NSync
NSync,Celebrity
NSync,NSync
NSync,Bye Bye Bye single
NSync,Home for Christmas
NSync,NSync early version
NSync,God Must Have Spent A Little More Time On You single
NSync and Britney Spears,Jive Your #1 Requests
OneRepublic,Dreaming Out Loud
Outkast,Speakerboxxx
Outkast,The Love Below
Passion,Live Worship from the 268 Generation
Pearl Jam,Ten
Pearl Jam,Vs.
Pentatonix,That's Christmas to Me
Petra,Beyond Belief
Petra,Unseen Power
Petra,Wake-Up Call
PFR,Pray for Rain
PFR,Goldie's Last Day
"Pilgrim, Billy",Billy Pilgrim
Pink,Missundaztood
Pink Floyd,Dark Side of the Moon
Pink Floyd,"Division Bell, The"
Plumb,Plumb
Plumb,Candy Coated Waterdrops
Poor Old Lu,Sin
Popular Genius,Glittering Generalities
Popular Genius,Popular Genius
Popular Genius,For Lack of a Better Word
"Pussycat Dolls, The",PCD
"Puth, Charlie",Charlie
REM,Automatic for the People
REO Speedwagon,Second Decade of Rock and Roll 1981-1991
"Martin, Ricky",Ricky Martin
"Riddle, Jessica",Key of A Minor
Rockapella,Primer
Rockapella,Don't Tell Me You Do
Salvation Army Harbor Light,Divinely Influenced
Sister Hazel,Lift
Sister Hazel,Fortress
Sister Hazel,All for You
Sixpence None the Richer,This Beautiful Mess
Skillet,Skillet
Skillet,"Hey You, I Love Your Soul"
Skillet,Invincible
Sonicflood,Sonicflood
Soundtrack,"Hunger Games, The"
Soundtrack,"Last Unicorn, The"
Soundtrack,Empire Records
Soundtrack,10 Things I Hate About You music from
Soundtrack,10 Things I Hate About You fanmade
Soundtrack,Anastasia
Soundtrack,Buffy the Vampire Slayer: The Album
Soundtrack,Buffy the Vampire Slayer: Once More With Feeling
Soundtrack,Buffy the Vampire Slayer: I Quit Hepburn
Soundtrack,Center Stage
Soundtrack,Coyote Ugly
Soundtrack,"Cutting Edge, The"
Soundtrack,Dirty Dancing
Soundtrack,Disturbing Behavior Score
Soundtrack,"Faculty, The music from"
Soundtrack,Footloose
Soundtrack,Jurassic Park
Soundtrack,"Knight's Tale, A fanmade"
Soundtrack,"Knight's Tale, A"
Soundtrack,Lord of the Rings: The Fellowship of the Ring
Soundtrack,"Lord of the Rings, The Two Towers"
Soundtrack,Lord of the Rings: Return of the King
Soundtrack,Mission: Impossible Theme Only
Soundtrack,Moulin Rouge 2 discs
Soundtrack,"My So-Called Life 2 discs, fanmade"
Soundtrack,On the Line
Soundtrack,Phantom of the Opera 2 discs
Soundtrack,Pirates of the Caribbean: Curse of the Black Pearl
Soundtrack,"Prince of Egypt, The"
Soundtrack,"Romeo + Juliet 2 discs, song and score"
Soundtrack,Saturday Night Fever
Soundtrack,Save the Last Dance
Soundtrack,Save the Last Dance More
Soundtrack,Star Wars: A New Hope 2 discs
Soundtrack,Star Wars: Episode I
Soundtrack,Swing Kids
Soundtrack,"Three Musketeers, The"
Soundtrack,Titanic
Soundtrack,Titanic Back To
Soundtrack,"Never Ending Story, The"
Soundtrack,Newsies
Soundtrack,"Sound of Music, The"
Soundtrack,"Glee, Volume 1"
Soundtrack,"Glee, Volume 2"
Soundtrack,"O Brother, Where Art Thou?"
Soundtrack,X-Files: The Album
Soundtrack,Beauty and the Beast
Soundtrack,My So-Called Life official
Soundtrack,Twilight
Sting,Mercury Falling
Sting,Ten Summoner's Tales
Sting,Brand New Day
Styx,Greatest Hits
Switchfoot,Nothing is Sound
Switchfoot,Legend of Chin
Switchfoot,Learning to Breathe
Switchfoot,Beautiful Letdown
"Taylor, James",Before This World
"Taylor, James",JT
"Taylor, James",Flag
"Taylor, James",Dad Loves His Work
"Taylor, James",That's Why I'm Here
"Taylor, James",Never Die Young
"Taylor, James",Sweet Baby James
"Taylor, James",Greatest Hits
"Taylor, James",Greatest Hits Volume 2
"Taylor, James",New Moon Shine
"Taylor, James",Hourglass
"Taylor, James",October Road
"Taylor, James",American Standard
"Taylor, James",Greatest Hits CHECK to see if it's the same as other
"Taylor, James",Never Die Young original
"Taylor, Steve",Squint
"Taylor, Steve",Now the Truth Can Be Told #2
Third Day,Third Day
Third Eye Blind,Blue
"Timberlake, Justin",Justified
"Timberlake, Justin",Justified
Tonic,Lemon Parade
Train,Drops of Jupiter
Trans-Siberian Orchestra,Christmas Eve and Other Stories
"Twain, Shania",Come On Over
UBC Worship,Pour Over Me
Usher,Confessions
Usher,Raymond v. Raymond
Various,Exodus includes Jars of Clay
Various,Joyful Christmas
Various,Never Say Dinosaur
Various,Bad Boy Ballads
Various,Christmas on the Rock
Various,One Way: The Songs of Larry Norman
Various,Vibe Central: The Essential Remixes
Various,Christmas Pops
Various,Tribute to Rich Mullins
Vertical Horizon,Everything You Want
Soundtrack,Charlie Brown's Holiday Hits Vince Guaraldo Trio
"Wallflowers, The",Bringing Down the Horse
"Wallflowers, The",Red Letter Days
White Heart,Highlander
